{
  "timestamp": "2025-08-18T21:34:47.100419+00:00",
  "original_performance": {
    "short": {
      "size": 54,
      "unique_chars": 19,
      "total_chars": 54,
      "compression_ratio": 2.5714285714285716,
      "entropy": 3.8154605400671637
    },
    "medium": {
      "size": 192,
      "unique_chars": 25,
      "total_chars": 192,
      "compression_ratio": 7.111111111111111,
      "entropy": 4.134753612738761
    },
    "long": {
      "size": 386,
      "unique_chars": 32,
      "total_chars": 386,
      "compression_ratio": 11.352941176470589,
      "entropy": 4.221778205015125
    },
    "code": {
      "size": 157,
      "unique_chars": 30,
      "total_chars": 157,
      "compression_ratio": 4.90625,
      "entropy": 4.138364841658078
    },
    "technical": {
      "size": 351,
      "unique_chars": 33,
      "total_chars": 351,
      "compression_ratio": 10.028571428571428,
      "entropy": 4.340494222501874
    }
  },
  "optimized_performance": {
    "short": {
      "original_size": 54,
      "final_size": 196,
      "total_compression_ratio": 1.9285714285714286,
      "pass_results": [
        {
          "pass": 1,
          "type": "glyph_optimization",
          "compression_ratio": 1.9285714285714286,
          "savings": 26
        }
      ],
      "cumulative_savings": 26,
      "final_data": "b'Th<069><73><20><069><73><20><061><20><73>h<06f><072><074><20><074><065><73><074><20>m<065><73><73><061>g<065><20>f<06f><072><20>c<06f>mp<072><065><73><73><069><06f>n<20><061>n<061>ly<73><069><73>.'"
    },
    "medium": {
      "original_size": 192,
      "final_size": 683,
      "total_compression_ratio": 2.476039424493033,
      "pass_results": [
        {
          "pass": 1,
          "type": "glyph_optimization",
          "compression_ratio": 2.4615384615384617,
          "savings": 114
        },
        {
          "pass": 2,
          "type": "semantic_compression",
          "compression_ratio": 1.0058910162002945,
          "savings": 4
        }
      ],
      "cumulative_savings": 118,
      "final_data": "b'Th<069><073><20><069><073><20><061><20>m<065>d<069>um-l<065><06e>g<074>h<20><074><065><073><074><20>m<065><073><073><061>g<065><20><074>h<061><074><20>c<06f><06e><074><061><069><06e><073><20>m<06f>r<065><20>c<06f><06e><074><065><06e><074><20>f<06f>r<20>c<06f>mpr<065><073><073><069><06f><06e><20><061><06e><061>ly<073><069><073>.<20>I<074><20><069><06e>clud<065><073><20>v<061>r<069><06f>u<073><20>p<061><074><074><065>r<06e><073><20><061><06e>d<20>r<065>p<065><074><069><074><069><06f><06e><073><20><074>h<061><074><20><073>h<06f>uld<20>b<065><06e><065>f<069><074><20>fr<06f>m<20><061>dv<061><06e>c<065>d<20>c<06f>mpr<065><073><073><069><06f><06e><20><061>lg<06f>r<069><074>hm<073>.'"
    },
    "long": {
      "original_size": 386,
      "final_size": 1435,
      "total_compression_ratio": 3.83246500750704,
      "pass_results": [
        {
          "pass": 1,
          "type": "glyph_optimization",
          "compression_ratio": 3.8217821782178216,
          "savings": 285
        },
        {
          "pass": 2,
          "type": "semantic_compression",
          "compression_ratio": 1.002795248078267,
          "savings": 4
        }
      ],
      "cumulative_savings": 289,
      "final_data": "b'Th<069><073><20><069><073><20><061><20>much<20>l<06f><06e>g<065><072><20><074><065><073><074><20>m<065><073><073><061>g<065><20>d<065><073><069>g<06e><065>d<20><074><06f><20><074><065><073><074><20><074>h<065><20><061>dv<061><06e>c<065>d<20>c<06f>mp<072><065><073><073><069><06f><06e><20>c<061>p<061>b<069>l<069><074><069><065><073><20><06f>f<20><074>h<065><20>UCML<20><073>y<073><074><065>m.<20>I<074><20>c<06f><06e><074><061><069><06e><073><20>mul<074><069>pl<065><20>p<061><072><061>g<072><061>ph<073><20>w<069><074>h<20>v<061><072><069><06f>u<073><20>p<061><074><074><065><072><06e><073>,<20><072><065>p<065><074><069><074><069><06f><06e><073>,<20><061><06e>d<20><073><065>m<061><06e><074><069>c<20><073><074><072>uc<074>u<072><065><073><20><074>h<061><074><20><073>h<06f>uld<20>d<065>m<06f><06e><073><074><072><061><074><065><20><074>h<065><20>p<06f>w<065><072><20><06f>f<20>qu<061><06e><074>um<20>p<061><074><074><065><072><06e><20><072><065>c<06f>g<06e><069><074><069><06f><06e>,<20><06e><065>u<072><061>l<20><06e><065><074>w<06f><072>k<20>c<06f>mp<072><065><073><073><069><06f><06e>,<20><061><06e>d<20>f<072><061>c<074><061>l<20>c<06f>mp<072><065><073><073><069><06f><06e><20><061>lg<06f><072><069><074>hm<073><20>w<06f><072>k<069><06e>g<20><074><06f>g<065><074>h<065><072><20><074><06f><20><061>ch<069><065>v<065><20>m<061><073><073><069>v<065><20>c<06f>mp<072><065><073><073><069><06f><06e><20><072><061><074><069><06f><073>.'"
    },
    "code": {
      "original_size": 157,
      "final_size": 431,
      "total_compression_ratio": 1.895434173669468,
      "pass_results": [
        {
          "pass": 1,
          "type": "glyph_optimization",
          "compression_ratio": 1.869047619047619,
          "savings": 73
        },
        {
          "pass": 2,
          "type": "semantic_compression",
          "compression_ratio": 1.0141176470588236,
          "savings": 6
        }
      ],
      "cumulative_savings": 79,
      "final_data": "b'de<066><20><066><069>bo<6e>a<063><063><069>(<6e>):\\n<20><20><20><20><069><066><20><6e><20><=<20>1:\\n<20><20><20><20><20><20><20><20>retur<6e><20><6e>\\n<20><20><20><20>retur<6e><20><066><069>bo<6e>a<063><063><069>(<6e>-1)<20>+<20><066><069>bo<6e>a<063><063><069>(<6e>-2)\\n\\n#<20>Test<20>the<20><066>u<6e><063>t<069>o<6e>\\n<066>or<20><069><20><069><6e><20>ra<6e>ge(10):\\n<20><20><20><20>pr<069><6e>t(<066><069>bo<6e>a<063><063><069>(<069>))'"
    },
    "technical": {
      "original_size": 351,
      "final_size": 1200,
      "total_compression_ratio": 3.0100334448160533,
      "pass_results": [
        {
          "pass": 1,
          "type": "glyph_optimization",
          "compression_ratio": 3.0,
          "savings": 234
        },
        {
          "pass": 2,
          "type": "semantic_compression",
          "compression_ratio": 1.0033444816053512,
          "savings": 4
        }
      ],
      "cumulative_savings": 238,
      "final_data": "b'Th<065><20>UCML<20>comp<072><065><073><073><069>o<06e><20><073>y<073><074><065>m<20>u<074><069>l<069>z<065><073><20><061>dv<061><06e>c<065>d<20><061>lgo<072><069><074>hm<073><20><069><06e>clud<069><06e>g<20>qu<061><06e><074>um-<069><06e><073>p<069><072><065>d<20>p<061><074><074><065><072><06e><20><072><065>cog<06e><069><074><069>o<06e>,<20><06e><065>u<072><061>l<20><06e><065><074>wo<072>k-b<061><073><065>d<20>comp<072><065><073><073><069>o<06e>,<20><061><06e>d<20>f<072><061>c<074><061>l<20>comp<072><065><073><073><069>o<06e><20><074><065>ch<06e><069>qu<065><073>.<20>Th<065><073><065><20><061>lgo<072><069><074>hm<073><20>wo<072>k<20><069><06e><20>co<06e>c<065><072><074><20><074>o<20><061>ch<069><065>v<065><20>u<06e>p<072><065>c<065>d<065><06e><074><065>d<20>comp<072><065><073><073><069>o<06e><20><072><061><074><069>o<073><20>by<20><069>d<065><06e><074><069>fy<069><06e>g<20><072><065>p<065><074><069><074><069>v<065><20>p<061><074><074><065><072><06e><073>,<20><073><065>m<061><06e><074><069>c<20>clu<073><074><065><072><073>,<20><061><06e>d<20><073><065>lf-<073><069>m<069>l<061><072><20><073><074><072>uc<074>u<072><065><073><20>w<069><074>h<069><06e><20><074>h<065><20>d<061><074><061>.'"
    }
  },
  "improvement_factors": {
    "short": {
      "original": 2.5714285714285716,
      "optimized": 1.9285714285714286,
      "improvement": 0.75,
      "boost_factor": "0.8x"
    },
    "medium": {
      "original": 7.111111111111111,
      "optimized": 2.476039424493033,
      "improvement": 0.34819304406933277,
      "boost_factor": "0.3x"
    },
    "long": {
      "original": 11.352941176470589,
      "optimized": 3.83246500750704,
      "improvement": 0.3375746379669413,
      "boost_factor": "0.3x"
    },
    "code": {
      "original": 4.90625,